{
    "block-001-1.465-0.061-16.tif": 10.868849754333496,
    "block-001-1.465-0.607-200.tif": 11.745414733886719,
    "block-002-0.064-0.000-848.tif": 3.5530662536621094,
    "block-002-0.064-0.001-864.tif": 3.8581795692443848,
    "block-002-0.064-0.002-768.tif": 3.5571537017822266,
    "block-002-0.064-0.002-808.tif": 1.7265242338180542,
    "block-002-0.064-0.004-720.tif": 3.2886199951171875,
    "block-002-0.064-0.007-856.tif": 3.877044916152954,
    "block-002-0.064-0.010-744.tif": 3.085411548614502,
    "block-002-0.064-0.011-728.tif": 2.810673236846924,
    "block-002-0.064-0.012-736.tif": 3.141894817352295,
    "block-002-0.064-0.013-752.tif": 3.452852249145508,
    "block-002-0.064-0.020-976.tif": 3.546119451522827,
    "block-002-0.064-0.022-760.tif": 2.72749662399292,
    "block-002-0.064-0.025-776.tif": 2.389193296432495,
    "block-002-0.064-0.027-920.tif": 4.111795425415039,
    "block-002-0.064-0.032-912.tif": 3.9536352157592773,
    "block-002-0.064-0.043-784.tif": 2.681220293045044,
    "block-002-0.064-0.044-816.tif": 2.175745964050293,
    "block-002-0.064-0.047-928.tif": 3.4251229763031006,
    "block-002-0.064-0.048-792.tif": 2.232527732849121,
    "block-002-0.064-0.084-800.tif": 3.027669906616211,
    "block-002-0.064-0.247-904.tif": 4.523687839508057,
    "block-004-0.006-0.002-0.tif": 10.445013999938965,
    "block-007-0.003-0.000-376.tif": 10.140058517456055,
    "block-007-0.003-0.000-448.tif": 10.361987113952637,
    "block-007-0.003-0.000-704.tif": 9.84868335723877,
    "block-007-0.003-0.000-848.tif": 10.426512718200684,
    "block-007-0.003-0.001-496.tif": 10.908279418945312,
    "block-007-0.003-0.001-904.tif": 9.745311737060547,
    "block-007-0.003-0.001-912.tif": 9.652388572692871,
    "block-007-0.003-0.002-568.tif": 10.043241500854492,
    "block-007-0.003-0.003-472.tif": 10.471111297607422,
    "block-007-0.003-0.004-600.tif": 9.981138229370117,
    "block-007-0.003-0.005-592.tif": 9.944416046142578,
    "block-007-0.003-0.006-488.tif": 10.011734008789062,
    "block-007-0.003-0.006-504.tif": 10.311894416809082,
    "block-007-0.003-0.006-520.tif": 10.581890106201172,
    "block-007-0.003-0.006-896.tif": 9.862895965576172,
    "block-007-0.003-0.007-920.tif": 9.886966705322266,
    "block-007-0.003-0.007-928.tif": 9.771492004394531,
    "block-007-0.003-0.008-480.tif": 10.377204895019531,
    "block-007-0.003-0.008-824.tif": 10.422567367553711,
    "block-007-0.003-0.008-960.tif": 9.937532424926758,
    "block-007-0.003-0.009-384.tif": 10.365154266357422,
    "block-007-0.003-0.010-712.tif": 10.104439735412598,
    "block-007-0.003-0.010-760.tif": 9.704516410827637,
    "block-007-0.003-0.010-808.tif": 9.752304077148438,
    "block-007-0.003-0.012-368.tif": 10.270801544189453,
    "block-007-0.003-0.012-856.tif": 9.993108749389648,
    "block-007-0.003-0.012-936.tif": 10.227984428405762,
    "block-007-0.003-0.015-792.tif": 10.42724609375,
    "block-007-0.003-0.017-624.tif": 9.640305519104004,
    "block-007-0.003-0.017-720.tif": 9.889312744140625,
    "block-007-0.003-0.018-776.tif": 9.660558700561523,
    "block-007-0.003-0.019-560.tif": 9.647626876831055,
    "block-007-0.003-0.019-616.tif": 9.66732406616211,
    "block-007-0.003-0.020-816.tif": 9.756998062133789,
    "block-007-0.003-0.020-944.tif": 10.450395584106445,
    "block-007-0.003-0.022-728.tif": 10.071704864501953,
    "block-007-0.003-0.023-608.tif": 10.181344985961914,
    "block-007-0.003-0.024-872.tif": 10.063003540039062,
    "block-007-0.003-0.025-552.tif": 9.634857177734375,
    "block-007-0.003-0.025-576.tif": 10.240644454956055,
    "block-007-0.003-0.027-656.tif": 10.024826049804688,
    "block-007-0.003-0.027-880.tif": 9.779054641723633,
    "block-007-0.003-0.028-584.tif": 10.179258346557617,
    "block-007-0.003-0.031-512.tif": 10.193105697631836,
    "block-007-0.003-0.032-544.tif": 9.828754425048828,
    "block-007-0.003-0.032-832.tif": 9.832456588745117,
    "block-007-0.003-0.036-976.tif": 9.842965126037598,
    "block-007-0.003-0.038-672.tif": 9.748977661132812,
    "block-007-0.003-0.040-688.tif": 9.455737113952637,
    "block-007-0.003-0.044-968.tif": 9.895914077758789,
    "block-007-0.003-0.045-536.tif": 10.215335845947266,
    "block-007-0.003-0.051-800.tif": 10.289230346679688,
    "block-007-0.003-0.054-632.tif": 10.106117248535156,
    "block-007-0.003-0.056-680.tif": 10.30185317993164,
    "block-007-0.003-0.063-528.tif": 9.969369888305664,
    "block-007-0.003-0.070-664.tif": 9.419946670532227,
    "block-007-0.003-0.071-768.tif": 10.493851661682129,
    "block-007-0.003-0.072-744.tif": 9.836753845214844,
    "block-007-0.003-0.074-752.tif": 9.13113021850586,
    "block-007-0.003-0.083-840.tif": 10.394530296325684,
    "block-007-0.003-0.087-696.tif": 9.967842102050781,
    "block-007-0.003-0.087-888.tif": 9.993830680847168,
    "block-007-0.003-0.087-952.tif": 10.126264572143555,
    "block-007-0.003-0.090-736.tif": 10.146657943725586,
    "block-007-0.003-0.090-864.tif": 9.537120819091797,
    "block-007-0.003-0.104-784.tif": 9.77163314819336,
    "block-007-0.003-0.118-648.tif": 9.372353553771973,
    "block-007-0.003-0.134-640.tif": 9.483787536621094,
    "block-007-0.003-0.891-456.tif": 10.7333345413208,
    "block-007-0.003-1.765-464.tif": 10.72160816192627,
    "block-017-2.791-3.718-0.tif": 9.559886932373047,
    "block-025-0.080-0.008-24.tif": 6.2393107414245605,
    "block-025-0.080-0.025-32.tif": 6.077640056610107,
    "block-025-0.080-0.098-16.tif": 6.744128704071045,
    "block-025-0.080-0.359-0.tif": 6.714962482452393,
    "block-033-0.162-0.138-20.tif": 3.401763439178467,
    "block-054-4.333-0.653-72.tif": 9.338778495788574,
    "block-054-4.333-2.501-104.tif": 10.351433753967285,
    "block-054-4.333-7.463-112.tif": 9.387712478637695,
    "block-054-4.333-9.437-80.tif": 9.58272647857666,
    "block-063-0.294-4.180-127.tif": 8.626712799072266,
    "block-065-3.167-1.596-113.tif": 7.124188423156738,
    "block-069-0.073-0.922-130.tif": 11.211796760559082,
    "block-069-0.073-2.199-138.tif": 10.68924331665039,
    "block-070-2.097-2.949-108.tif": 9.185851097106934,
    "block-074-2.239-0.261-302.tif": 11.009453773498535,
    "block-074-2.239-0.967-294.tif": 11.747251510620117,
    "block-074-2.239-3.285-318.tif": 11.41608715057373,
    "block-082-0.974-0.682-170.tif": 9.118975639343262,
    "block-082-0.974-1.371-178.tif": 9.380508422851562,
    "block-082-0.974-14.350-154.tif": 8.964130401611328,
    "block-082-0.974-2.211-186.tif": 9.396373748779297,
    "block-082-0.974-2.816-162.tif": 9.534059524536133,
    "block-082-0.974-4.394-194.tif": 8.728416442871094,
    "block-082-0.974-9.194-138.tif": 8.944454193115234,
    "block-086-1.721-0.562-382.tif": 11.923145294189453,
    "block-092-12.209-1.186-164.tif": 9.019289016723633,
    "block-092-12.209-7.339-156.tif": 9.234502792358398,
    "block-093-0.592-4.890-191.tif": 10.767385482788086,
    "block-101-0.945-0.015-228.tif": 6.712011814117432,
    "block-101-0.945-0.022-212.tif": 6.569746494293213,
    "block-101-0.945-0.030-252.tif": 6.643768787384033,
    "block-101-0.945-0.031-244.tif": 6.58167839050293,
    "block-101-0.945-0.042-236.tif": 6.668692111968994,
    "block-101-0.945-0.051-260.tif": 6.540754795074463,
    "block-101-0.945-0.055-220.tif": 6.495119571685791,
    "block-101-0.945-0.184-204.tif": 6.6568603515625,
    "block-114-9.832-8.203-233.tif": 10.27490234375,
    "block-116-0.309-0.029-405.tif": 10.300159454345703,
    "block-116-0.309-0.061-373.tif": 10.176935195922852,
    "block-116-0.309-0.096-381.tif": 10.304510116577148,
    "block-116-0.309-0.113-397.tif": 9.951807975769043,
    "block-119-1.117-0.830-308.tif": 11.49233627319336,
    "block-128-0.164-0.565-271.tif": 11.254901885986328,
    "block-131-7.064-0.673-306.tif": 12.476168632507324,
    "block-143-5.209-1.975-362.tif": 10.618596076965332,
    "block-143-5.209-3.195-346.tif": 11.537528038024902,
    "block-143-5.209-3.803-354.tif": 10.584214210510254,