{
    "block-001-6.658-0.057-456.tif": 0.035998791456222534,
    "block-001-6.658-0.059-120.tif": 0.03619591146707535,
    "block-001-6.658-0.239-576.tif": 0.03598437458276749,
    "block-001-6.658-0.281-432.tif": 0.03601471334695816,
    "block-001-6.658-0.302-352.tif": 0.03593173623085022,
    "block-001-6.658-0.310-440.tif": 0.0359930694103241,
    "block-001-6.658-0.344-24.tif": 0.0362321138381958,
    "block-001-6.658-0.363-312.tif": 0.03600824996829033,
    "block-001-6.658-0.500-544.tif": 0.03606518357992172,
    "block-001-6.658-0.551-368.tif": 0.03606252372264862,
    "block-001-6.658-0.599-600.tif": 0.03586488217115402,
    "block-001-6.658-0.649-320.tif": 0.03598176687955856,
    "block-001-6.658-0.788-448.tif": 0.03600296378135681,
    "block-001-6.658-0.910-184.tif": 0.03617960959672928,
    "block-001-6.658-0.968-376.tif": 0.036026932299137115,
    "block-001-6.658-1.157-56.tif": 0.0361374095082283,
    "block-001-6.658-1.336-488.tif": 0.035948850214481354,
    "block-001-6.658-1.483-520.tif": 0.03597962483763695,
    "block-001-6.658-1.711-128.tif": 0.03609400615096092,
    "block-001-6.658-1.730-512.tif": 0.03590116649866104,
    "block-001-6.658-1.731-424.tif": 0.03598574176430702,
    "block-001-6.658-1.731-72.tif": 0.0362311452627182,
    "block-001-6.658-1.791-248.tif": 0.03601333871483803,
    "block-001-6.658-1.808-384.tif": 0.03603733330965042,
    "block-001-6.658-1.819-32.tif": 0.036169975996017456,
    "block-001-6.658-11.391-560.tif": 0.035938672721385956,
    "block-001-6.658-12.475-336.tif": 0.03600042313337326,
    "block-001-6.658-14.157-344.tif": 0.035991162061691284,
    "block-001-6.658-15.314-552.tif": 0.03601989150047302,
    "block-001-6.658-2.055-0.tif": 0.03627168387174606,
    "block-001-6.658-2.555-392.tif": 0.03603239357471466,
    "block-001-6.658-22.666-16.tif": 0.03619484603404999,
    "block-001-6.658-3.154-504.tif": 0.03602764010429382,
    "block-001-6.658-3.355-496.tif": 0.035964831709861755,
    "block-001-6.658-3.370-40.tif": 0.03620736300945282,
    "block-001-6.658-3.513-232.tif": 0.03608129173517227,
    "block-001-6.658-3.556-568.tif": 0.03586998209357262,
    "block-001-6.658-4.534-240.tif": 0.036032967269420624,
    "block-001-6.658-4.699-136.tif": 0.03606686741113663,
    "block-001-6.658-5.005-48.tif": 0.03618251532316208,
    "block-001-6.658-5.111-536.tif": 0.03598865121603012,
    "block-001-6.658-5.487-328.tif": 0.03604692965745926,
    "block-001-6.658-5.631-288.tif": 0.03609345853328705,
    "block-001-6.658-5.637-584.tif": 0.03589807078242302,
    "block-001-6.658-6.126-8.tif": 0.03626745194196701,
    "block-001-6.658-6.876-528.tif": 0.035973403602838516,
    "block-001-6.658-7.100-64.tif": 0.03611309081315994,
    "block-001-6.658-7.259-360.tif": 0.03602399677038193,
    "block-001-6.658-7.894-400.tif": 0.03602170944213867,
    "block-001-6.658-7.990-112.tif": 0.03612916171550751,
    "block-001-6.658-8.690-144.tif": 0.0361357256770134,
    "block-001-6.658-8.729-592.tif": 0.03602812439203262,
    "block-001-6.658-8.862-104.tif": 0.036193400621414185
}