{
    "block-001-6.658-0.057-456.tif": 20.955717086791992,
    "block-001-6.658-0.059-120.tif": 23.60599708557129,
    "block-001-6.658-0.239-576.tif": 17.893308639526367,
    "block-001-6.658-0.281-432.tif": 19.587461471557617,
    "block-001-6.658-0.302-352.tif": 20.19463539123535,
    "block-001-6.658-0.310-440.tif": 18.667613983154297,
    "block-001-6.658-0.344-24.tif": 4.520548343658447,
    "block-001-6.658-0.363-312.tif": 19.75977897644043,
    "block-001-6.658-0.500-544.tif": 18.454477310180664,
    "block-001-6.658-0.551-368.tif": 22.13230323791504,
    "block-001-6.658-0.599-600.tif": 19.678300857543945,
    "block-001-6.658-0.649-320.tif": 21.38228416442871,
    "block-001-6.658-0.788-448.tif": 19.63435173034668,
    "block-001-6.658-0.910-184.tif": 23.27459144592285,
    "block-001-6.658-0.968-376.tif": 20.902803421020508,
    "block-001-6.658-1.157-56.tif": 20.307193756103516,
    "block-001-6.658-1.336-488.tif": 17.269304275512695,
    "block-001-6.658-1.483-520.tif": 22.85171890258789,
    "block-001-6.658-1.711-128.tif": 27.380102157592773,
    "block-001-6.658-1.730-512.tif": 19.129594802856445,
    "block-001-6.658-1.731-424.tif": 19.460529327392578,
    "block-001-6.658-1.731-72.tif": 22.57167625427246,
    "block-001-6.658-1.791-248.tif": 20.502656936645508,
    "block-001-6.658-1.808-384.tif": 23.698984146118164,
    "block-001-6.658-1.819-32.tif": 8.877811431884766,
    "block-001-6.658-11.391-560.tif": 17.752351760864258,
    "block-001-6.658-12.475-336.tif": 23.978496551513672,
    "block-001-6.658-14.157-344.tif": 19.614526748657227,
    "block-001-6.658-15.314-552.tif": 19.446674346923828,
    "block-001-6.658-2.055-0.tif": 1.912462592124939,
    "block-001-6.658-2.555-392.tif": 23.471120834350586,
    "block-001-6.658-22.666-16.tif": 28.08060073852539,
    "block-001-6.658-3.154-504.tif": 17.785202026367188,
    "block-001-6.658-3.355-496.tif": 16.80967140197754,
    "block-001-6.658-3.370-40.tif": 8.254528045654297,
    "block-001-6.658-3.513-232.tif": 22.392478942871094,
    "block-001-6.658-3.556-568.tif": 20.22464942932129,
    "block-001-6.658-4.534-240.tif": 21.54481315612793,
    "block-001-6.658-4.699-136.tif": 21.335329055786133,
    "block-001-6.658-5.005-48.tif": 17.993877410888672,
    "block-001-6.658-5.111-536.tif": 19.49201202392578,
    "block-001-6.658-5.487-328.tif": 22.160863876342773,
    "block-001-6.658-5.631-288.tif": 19.465526580810547,
    "block-001-6.658-5.637-584.tif": 19.0152645111084,
    "block-001-6.658-6.126-8.tif": 20.017221450805664,
    "block-001-6.658-6.876-528.tif": 25.110502243041992,
    "block-001-6.658-7.100-64.tif": 9.037389755249023,
    "block-001-6.658-7.259-360.tif": 19.405305862426758,
    "block-001-6.658-7.894-400.tif": 19.907958984375,
    "block-001-6.658-7.990-112.tif": 14.741607666015625,
    "block-001-6.658-8.690-144.tif": 23.94917869567871,
    "block-001-6.658-8.729-592.tif": 17.618677139282227,
    "block-001-6.658-8.862-104.tif": 15.754478454589844
}