{
    "block-001-6.658-0.057-456.tif": 20.955718994140625,
    "block-001-6.658-0.059-120.tif": 23.60599708557129,
    "block-001-6.658-0.239-576.tif": 17.893308639526367,
    "block-001-6.658-0.281-432.tif": 19.587461471557617,
    "block-001-6.658-0.302-352.tif": 20.194639205932617,
    "block-001-6.658-0.310-440.tif": 18.66761589050293,
    "block-001-6.658-0.344-24.tif": 4.520544528961182,
    "block-001-6.658-0.363-312.tif": 19.759782791137695,
    "block-001-6.658-0.500-544.tif": 18.454477310180664,
    "block-001-6.658-0.551-368.tif": 22.132305145263672,
    "block-001-6.658-0.599-600.tif": 19.678300857543945,
    "block-001-6.658-0.649-320.tif": 21.382286071777344,
    "block-001-6.658-0.788-448.tif": 19.63435173034668,
    "block-001-6.658-0.910-184.tif": 23.274593353271484,
    "block-001-6.658-0.968-376.tif": 20.902803421020508,
    "block-001-6.658-1.157-56.tif": 20.307193756103516,
    "block-001-6.658-1.336-488.tif": 17.269304275512695,
    "block-001-6.658-1.483-520.tif": 22.851720809936523,
    "block-001-6.658-1.711-128.tif": 27.380098342895508,
    "block-001-6.658-1.730-512.tif": 19.129594802856445,
    "block-001-6.658-1.731-424.tif": 19.460529327392578,
    "block-001-6.658-1.731-72.tif": 22.571666717529297,
    "block-001-6.658-1.791-248.tif": 20.502656936645508,
    "block-001-6.658-1.808-384.tif": 23.698984146118164,
    "block-001-6.658-1.819-32.tif": 8.877809524536133,
    "block-001-6.658-11.391-560.tif": 17.752351760864258,
    "block-001-6.658-12.475-336.tif": 23.978496551513672,
    "block-001-6.658-14.157-344.tif": 19.614526748657227,
    "block-001-6.658-15.314-552.tif": 19.446672439575195,
    "block-001-6.658-2.055-0.tif": 1.9124616384506226,
    "block-001-6.658-2.555-392.tif": 23.471120834350586,
    "block-001-6.658-22.666-16.tif": 28.080598831176758,
    "block-001-6.658-3.154-504.tif": 17.78520393371582,
    "block-001-6.658-3.355-496.tif": 16.80967140197754,
    "block-001-6.658-3.370-40.tif": 8.254526138305664,
    "block-001-6.658-3.513-232.tif": 22.392478942871094,
    "block-001-6.658-3.556-568.tif": 20.22464942932129,
    "block-001-6.658-4.534-240.tif": 21.544815063476562,
    "block-001-6.658-4.699-136.tif": 21.335323333740234,
    "block-001-6.658-5.005-48.tif": 17.993871688842773,
    "block-001-6.658-5.111-536.tif": 19.49201011657715,
    "block-001-6.658-5.487-328.tif": 22.16086196899414,
    "block-001-6.658-5.631-288.tif": 19.465524673461914,
    "block-001-6.658-5.637-584.tif": 19.0152645111084,
    "block-001-6.658-6.126-8.tif": 20.0172176361084,
    "block-001-6.658-6.876-528.tif": 25.110502243041992,
    "block-001-6.658-7.100-64.tif": 9.037388801574707,
    "block-001-6.658-7.259-360.tif": 19.405303955078125,
    "block-001-6.658-7.894-400.tif": 19.907957077026367,
    "block-001-6.658-7.990-112.tif": 14.741605758666992,
    "block-001-6.658-8.690-144.tif": 23.94917869567871,
    "block-001-6.658-8.729-592.tif": 17.618677139282227,
    "block-001-6.658-8.862-104.tif": 15.754473686218262
}