{
    "block-001-6.658-0.057-456.tif": 0.0559895858168602,
    "block-001-6.658-0.059-120.tif": 0.055993251502513885,
    "block-001-6.658-0.239-576.tif": 0.05596312880516052,
    "block-001-6.658-0.281-432.tif": 0.05607818067073822,
    "block-001-6.658-0.302-352.tif": 0.055978525429964066,
    "block-001-6.658-0.310-440.tif": 0.055894240736961365,
    "block-001-6.658-0.344-24.tif": 0.05600938946008682,
    "block-001-6.658-0.363-312.tif": 0.05599359795451164,
    "block-001-6.658-0.500-544.tif": 0.05600443854928017,
    "block-001-6.658-0.551-368.tif": 0.05595572292804718,
    "block-001-6.658-0.599-600.tif": 0.056018199771642685,
    "block-001-6.658-0.649-320.tif": 0.0560198538005352,
    "block-001-6.658-0.788-448.tif": 0.05597439408302307,
    "block-001-6.658-0.910-184.tif": 0.05597811937332153,
    "block-001-6.658-0.968-376.tif": 0.055935926735401154,
    "block-001-6.658-1.157-56.tif": 0.056022047996520996,
    "block-001-6.658-1.336-488.tif": 0.05597590655088425,
    "block-001-6.658-1.483-520.tif": 0.05597955733537674,
    "block-001-6.658-1.711-128.tif": 0.055977825075387955,
    "block-001-6.658-1.730-512.tif": 0.05603776499629021,
    "block-001-6.658-1.731-424.tif": 0.05592446029186249,
    "block-001-6.658-1.731-72.tif": 0.05598613619804382,
    "block-001-6.658-1.791-248.tif": 0.05601159483194351,
    "block-001-6.658-1.808-384.tif": 0.05599695444107056,
    "block-001-6.658-1.819-32.tif": 0.0560431033372879,
    "block-001-6.658-11.391-560.tif": 0.0559731125831604,
    "block-001-6.658-12.475-336.tif": 0.055973365902900696,
    "block-001-6.658-14.157-344.tif": 0.055981483310461044,
    "block-001-6.658-15.314-552.tif": 0.05597487837076187,
    "block-001-6.658-2.055-0.tif": 0.05592530220746994,
    "block-001-6.658-2.555-392.tif": 0.05596709996461868,
    "block-001-6.658-22.666-16.tif": 0.055996403098106384,
    "block-001-6.658-3.154-504.tif": 0.05598874390125275,
    "block-001-6.658-3.355-496.tif": 0.05597132816910744,
    "block-001-6.658-3.370-40.tif": 0.05600176751613617,
    "block-001-6.658-3.513-232.tif": 0.05598791688680649,
    "block-001-6.658-3.556-568.tif": 0.05598796531558037,
    "block-001-6.658-4.534-240.tif": 0.05595710501074791,
    "block-001-6.658-4.699-136.tif": 0.05598858743906021,
    "block-001-6.658-5.005-48.tif": 0.055976931005716324,
    "block-001-6.658-5.111-536.tif": 0.05596163123846054,
    "block-001-6.658-5.487-328.tif": 0.05600668117403984,
    "block-001-6.658-5.631-288.tif": 0.05589057505130768,
    "block-001-6.658-5.637-584.tif": 0.055952951312065125,
    "block-001-6.658-6.126-8.tif": 0.055926401168107986,
    "block-001-6.658-6.876-528.tif": 0.055964838713407516,
    "block-001-6.658-7.100-64.tif": 0.0559835210442543,
    "block-001-6.658-7.259-360.tif": 0.05599619448184967,
    "block-001-6.658-7.894-400.tif": 0.05596857890486717,
    "block-001-6.658-7.990-112.tif": 0.056032419204711914,
    "block-001-6.658-8.690-144.tif": 0.055988602340221405,
    "block-001-6.658-8.729-592.tif": 0.05595816671848297,
    "block-001-6.658-8.862-104.tif": 0.05598874390125275
}